資料集識別碼,資料集名稱,服務分類,檔案格式,資料下載網址,編碼格式,資料集類型,資料集描述,主要欄位說明,提供機關,更新頻率,授權方式,相關網址,計費方式,提供機關聯絡人姓名,提供機關聯絡人電話,上架日期,詮釋資料更新時間,備註
6319,教育學學術名詞,公共資訊,CSV,http://wd.naer.edu.tw/open/edu.csv,UTF-8,a01,本資料集主要提供教育學英中對照名詞等資訊。,英文名稱;中文名稱,國家教育研究院,每年,政府資料開放授權條款-第1版,,免費,詹先生,0277407806,"2013/09/25 00:00","2016/06/21 00:28","授權說明網址: http://data.gov.tw/license"
14549,國家教育研究院-人體解剖學學術名詞,公共資訊,CSV,http://www.naer.edu.tw/ezfiles/0/1000/img/80/282307599.csv,UTF-8,a01,主要提供人體解剖學英中對照名詞等資訊。,英文名稱;中文名稱,國家教育研究院,每年,政府資料開放授權條款-第1版,,免費,詹先生,0277407806,"2015/05/05 00:00","2016/05/24 00:18","授權說明網址: http://data.gov.tw/license"
14708,國家教育研究院-力學學術名詞,公共資訊,CSV,http://www.naer.edu.tw/ezfiles/0/1000/img/80/637655080.csv,UTF-8,a01,主要提供力學英中對照名詞等資訊。,英文名稱;中文名稱,國家教育研究院,每年,政府資料開放授權條款-第1版,,免費,詹先生,0277407806,"2015/05/06 00:00","2016/05/24 00:18","授權說明網址: http://data.gov.tw/license"
14709,國家教育研究院-土木工程學術名詞,公共資訊,CSV,http://www.naer.edu.tw/ezfiles/0/1000/img/80/808810033.csv,UTF-8,a01,主要提供土木工程英中對照名詞等資訊。,英文名稱;中文名稱,國家教育研究院,每年,政府資料開放授權條款-第1版,,免費,詹先生,0277407806,"2015/05/05 00:00","2016/05/24 00:18","授權說明網址: http://data.gov.tw/license"
14837,國家教育研究院-土壤學學術名詞,公共資訊,CSV,http://www.naer.edu.tw/ezfiles/0/1000/img/80/106802443.csv,UTF-8,a01,土壤學英中對照名詞等資訊。,英文名稱;中文名稱,國家教育研究院,每年,政府資料開放授權條款-第1版,,免費,詹先生,0277407806,"2015/05/07 00:00","2016/05/24 00:18","授權說明網址: http://data.gov.tw/license"
14838,國家教育研究院-工程圖學學術名詞,公共資訊,CSV,http://www.naer.edu.tw/ezfiles/0/1000/img/80/181136957.csv,UTF-8,a01,工程圖學英中對照名詞等資訊。,英文名稱;中文名稱,國家教育研究院,每年,政府資料開放授權條款-第1版,,免費,詹先生,0277407806,"2015/05/07 00:00","2016/05/24 00:18","授權說明網址: http://data.gov.tw/license"
14839,國家教育研究院-工業工程學術名詞,公共資訊,CSV,http://www.naer.edu.tw/ezfiles/0/1000/img/80/209086902.csv,UTF-8,a01,工業工程英中對照名詞等資訊。,英文名稱;中文名稱,國家教育研究院,每年,政府資料開放授權條款-第1版,,免費,詹先生,0277407806,"2015/05/07 00:00","2016/05/24 00:18","授權說明網址: http://data.gov.tw/license"
14840,國家教育研究院-內分泌學學術名詞,公共資訊,CSV,http://www.naer.edu.tw/ezfiles/0/1000/img/80/14840.csv,UTF-8,a01,內分泌學英中對照名詞等資訊。,英文名稱;中文名稱,國家教育研究院,每年,政府資料開放授權條款-第1版,,免費,詹先生,0277407806,"2015/05/07 00:00","2019/07/17 19:54","授權說明網址: http://data.gov.tw/license"
14841,國家教育研究院-化學工程學術名詞,公共資訊,CSV,http://www.naer.edu.tw/ezfiles/0/1000/img/80/139181737.csv,UTF-8,a01,化學工程英中對照名詞等資訊。,英文名稱;中文名稱,國家教育研究院,每年,政府資料開放授權條款-第1版,,免費,詹先生,0277407806,"2015/05/07 00:00","2016/05/24 00:18","授權說明網址: http://data.gov.tw/license"
14842,國家教育研究院-化學名詞-不飽和雜環化合物學術名詞,公共資訊,CSV,http://www.naer.edu.tw/ezfiles/0/1000/img/80/14842.csv,UTF-8,a01,化學名詞-不飽和雜環化合物英中對照名詞等資訊。,"英文名稱,中文名稱",國家教育研究院,每年,政府資料開放授權條款-第1版,,免費,詹先生,0277407806,"2015/05/07 00:00","2019/07/17 19:54","授權說明網址: http://data.gov.tw/license"
14843,國家教育研究院-化學名詞-化學元素,公共資訊,CSV,http://www.naer.edu.tw/ezfiles/0/1000/img/80/14843.csv,UTF-8,a01,化學名詞-化學元素英中對照名詞等資訊。,英文名稱;中文名稱;原子序;符號;音;讀,國家教育研究院,每年,政府資料開放授權條款-第1版,,免費,詹先生,0277407806,"2015/05/07 00:00","2019/07/17 19:57","授權說明網址: http://data.gov.tw/license"
14844,國家教育研究院-化學名詞-化學相關科學家,公共資訊,XML,http://www.naer.edu.tw/ezfiles/0/1000/img/80/14844.xml,UTF-8,a01,化學名詞-化學相關科學家等資訊。,DocumentProperties,國家教育研究院,每年,政府資料開放授權條款-第1版,,免費,詹先生,0277407806,"2015/05/07 00:00","2019/07/25 10:51","授權說明網址: http://data.gov.tw/license"
14845,國家教育研究院-化學名詞-化學術語學術名詞,公共資訊,CSV,http://www.naer.edu.tw/ezfiles/0/1000/img/80/14845.csv,UTF-8,a01,化學名詞-化學術語英中對照名詞等資訊。,英文名稱;中文名稱,國家教育研究院,每年,政府資料開放授權條款-第1版,,免費,詹先生,0277407806,"2015/05/07 00:00","2019/07/17 19:53","授權說明網址: http://data.gov.tw/license"
14846,國家教育研究院-化學名詞-有機化合物學術名詞,公共資訊,CSV,http://www.naer.edu.tw/ezfiles/0/1000/img/80/154968993.csv,UTF-8,a01,化學名詞-有機化合物英中對照名詞等資訊。,英文名稱;中文名稱;化學式,國家教育研究院,每年,政府資料開放授權條款-第1版,,免費,詹先生,0277407806,"2015/05/07 00:00","2016/05/24 00:18","授權說明網址: http://data.gov.tw/license"
15158,國家教育研究院-化學名詞-有機化合物之基學術名詞,公共資訊,CSV,http://www.naer.edu.tw/ezfiles/0/1000/img/80/151069532.csv,UTF-8,a01,化學名詞-有機化合物之基英中對照名詞等資訊。,英文名稱;中文名稱;化學式,國家教育研究院,每年,政府資料開放授權條款-第1版,,免費,詹先生,0277407806,"2015/05/08 00:00","2016/05/24 00:18","授權說明網址: http://data.gov.tw/license"
15159,國家教育研究院-化學名詞-兩岸中小學教科書學術名詞,公共資訊,CSV,http://www.naer.edu.tw/ezfiles/0/1000/img/80/15159.csv,UTF-8,a01,化學名詞-兩岸中小學教科書英中對照名詞等資訊。,英文名稱;中文名稱;大陸譯名,國家教育研究院,每年,政府資料開放授權條款-第1版,,免費,詹先生,0277407806,"2015/05/08 00:00","2019/07/25 10:58","授權說明網址: http://data.gov.tw/license"
15160,國家教育研究院-化學名詞-兩岸化學名詞,公共資訊,CSV,http://www.naer.edu.tw/ezfiles/0/1000/img/80/923043276.csv,UTF-8,a01,化學名詞-兩岸化學英中對照名詞等資訊。,英文名稱;中文名稱;大陸譯名,國家教育研究院,每年,政府資料開放授權條款-第1版,,免費,詹先生,0277407806,"2015/05/08 00:00","2016/05/24 00:18","授權說明網址: http://data.gov.tw/license"
15161,國家教育研究院-化學名詞-高中以下化學名詞,公共資訊,CSV,http://www.naer.edu.tw/ezfiles/0/1000/img/80/109704194.csv,UTF-8,a01,化學名詞-高中以下化學英中對照名詞等資訊。,英文名稱;中文名稱,國家教育研究院,每年,政府資料開放授權條款-第1版,,免費,詹先生,0277407806,"2015/05/08 00:00","2016/05/24 00:18","授權說明網址: http://data.gov.tw/license"
15162,國家教育研究院-化學名詞-常見生物鹼名詞,公共資訊,CSV,http://www.naer.edu.tw/ezfiles/0/1000/img/80/136332590.csv,UTF-8,a01,化學名詞-常見生物鹼英中對照名詞等資訊。,英文名稱;中文名稱,國家教育研究院,每年,政府資料開放授權條款-第1版,,免費,詹先生,0277407806,"2015/05/08 00:00","2016/05/24 00:18","授權說明網址: http://data.gov.tw/license"
15163,國家教育研究院-化學名詞-常見萜類學術名詞,公共資訊,CSV,http://www.naer.edu.tw/ezfiles/0/1000/img/80/199860818.csv,UTF-8,a01,化學名詞-常見萜類英中對照名詞等資訊。,英文名稱;中文名稱,國家教育研究院,每年,政府資料開放授權條款-第1版,,免費,詹先生,0277407806,"2015/05/08 00:00","2016/05/24 00:18","授權說明網址: http://data.gov.tw/license"
15164,國家教育研究院-化學名詞-無機化合物,公共資訊,CSV,http://www.naer.edu.tw/ezfiles/0/1000/img/80/403240393.csv,UTF-8,a01,化學名詞-無機化合物英中對照名詞等資訊。,英文名稱;中文名稱;化學式,國家教育研究院,每年,政府資料開放授權條款-第1版,,免費,詹先生,0277407806,"2015/05/08 00:00","2016/05/24 00:18","授權說明網址: http://data.gov.tw/license"
15165,國家教育研究院-化學名詞-硼化合物學術名詞,公共資訊,CSV,http://www.naer.edu.tw/ezfiles/0/1000/img/80/164055482.csv,UTF-8,a01,化學名詞-硼化合物英中對照名詞等資訊。,英文名稱;中文名稱;化學式,國家教育研究院,每年,政府資料開放授權條款-第1版,,免費,詹先生,0277407806,"2015/05/08 00:00","2016/05/24 00:18","授權說明網址: http://data.gov.tw/license"
15166,國家教育研究院-天文學學術名詞,公共資訊,CSV,http://www.naer.edu.tw/ezfiles/0/1000/img/80/200515608.csv,UTF-8,a01,天文學英中對照名詞等資訊。,英文名稱;中文名稱,國家教育研究院,每年,政府資料開放授權條款-第1版,,免費,詹先生,0277407806,"2015/05/08 00:00","2016/05/24 00:18","授權說明網址: http://data.gov.tw/license"
15167,國家教育研究院-心理學學術名詞,公共資訊,CSV,http://www.naer.edu.tw/ezfiles/0/1000/img/80/202421582.csv,UTF-8,a01,心理學英中對照名詞等資訊。,英文名稱;中文名稱,國家教育研究院,每年,政府資料開放授權條款-第1版,,免費,詹先生,0277407806,"2015/05/08 00:00","2016/05/24 00:18","授權說明網址: http://data.gov.tw/license"
15209,國家教育研究院-比較解剖學學術名詞,公共資訊,CSV,http://www.naer.edu.tw/ezfiles/0/1000/img/80/325121250.csv,UTF-8,a01,比較解剖學英中對照名詞等資訊。,英文名稱;中文名稱,國家教育研究院,每年,政府資料開放授權條款-第1版,,免費,詹先生,0277407806,"2015/05/11 00:00","2016/05/24 00:18","授權說明網址: http://data.gov.tw/license"
15210,國家教育研究院-水利工程學學術名詞,公共資訊,CSV,http://www.naer.edu.tw/ezfiles/0/1000/img/80/580002959.csv,UTF-8,a01,水利工程學英中對照名詞等資訊。,英文名稱;中文名稱,國家教育研究院,每年,政府資料開放授權條款-第1版,,免費,詹先生,0277407806,"2015/05/11 00:00","2016/05/24 00:18","授權說明網址: http://data.gov.tw/license"
15212,國家教育研究院-市場學學術名詞,公共資訊,CSV,http://www.naer.edu.tw/ezfiles/0/1000/img/80/204952434.csv,UTF-8,a01,市場學英中對照名詞等資訊。,英文名稱;中文名稱,國家教育研究院,每年,政府資料開放授權條款-第1版,,免費,詹先生,0277407806,"2015/05/11 00:00","2016/05/24 00:18","授權說明網址: http://data.gov.tw/license"
15213,國家教育研究院-生命科學學術名詞,公共資訊,CSV,http://www.naer.edu.tw/ezfiles/0/1000/img/80/136453407.csv,UTF-8,a01,生命科學英中對照名詞等資訊。,英文名稱;中文名稱;學門,國家教育研究院,每年,政府資料開放授權條款-第1版,,免費,詹先生,0277407806,"2015/05/11 00:00","2016/05/24 00:18","授權說明網址: http://data.gov.tw/license"
15214,國家教育研究院-生命科學名詞-兩岸中小學教科書名詞,公共資訊,CSV,http://www.naer.edu.tw/ezfiles/0/1000/img/80/106586546.csv,UTF-8,a01,生命科名詞-兩岸中小學教科書英中對照名詞等資訊。,英文名稱;中文名稱;大陸譯名,國家教育研究院,每年,政府資料開放授權條款-第1版,,免費,詹先生,0277407806,"2015/05/11 00:00","2016/05/24 00:18","授權說明網址: http://data.gov.tw/license"
15215,國家教育研究院-生命科學名詞-高中(含)以下生命科學學術名詞,公共資訊,CSV,http://www.naer.edu.tw/ezfiles/0/1000/img/80/208714165.csv,UTF-8,a01,生命科學名詞-高中(含)以下生命科學英中對照名詞等資訊。,英文名稱;中文名稱,國家教育研究院,每年,政府資料開放授權條款-第1版,,免費,詹先生,0277407806,"2015/05/11 00:00","2016/05/24 00:18","授權說明網址: http://data.gov.tw/license"
15216,國家教育研究院-生命科學名詞-科學家譯名,公共資訊,CSV,http://www.naer.edu.tw/ezfiles/0/1000/img/80/103935461.csv,UTF-8,a01,生命科學名詞-科學家譯名英中對照名詞等資訊。,英文名稱;中文名稱;姓氏;生卒年;祖籍,國家教育研究院,每年,政府資料開放授權條款-第1版,,免費,詹先生,0277407806,"2015/05/11 00:00","2016/05/24 00:18","授權說明網址: http://data.gov.tw/license"
15217,國家教育研究院-生物學名詞-植物學學術名詞,公共資訊,CSV,http://www.naer.edu.tw/ezfiles/0/1000/img/80/15217.csv,UTF-8,a01,生物學名詞-植物學英中對照名詞等資訊。,英文名稱;中文名稱,國家教育研究院,每年,政府資料開放授權條款-第1版,,免費,詹先生,0277407806,"2015/05/11 00:00","2019/07/17 19:55","授權說明網址: http://data.gov.tw/license"
15218,國家教育研究院-生產自動化學術名詞,公共資訊,CSV,http://www.naer.edu.tw/ezfiles/0/1000/img/80/157626826.csv,UTF-8,a01,生產自動化英中對照名詞等資訊。,英文名稱;中文名稱,國家教育研究院,每年,政府資料開放授權條款-第1版,,免費,詹先生,0277407806,"2015/05/11 00:00","2016/05/24 00:18","授權說明網址: http://data.gov.tw/license"
15246,國家教育研究院-生態學學術名詞,公共資訊,CSV,http://www.naer.edu.tw/ezfiles/0/1000/img/80/46430888.csv,UTF-8,a01,生態學英中對照名詞等資訊。,英文名稱;中文名稱,國家教育研究院,每年,政府資料開放授權條款-第1版,,免費,詹先生,0277407806,"2015/05/12 00:00","2016/05/24 00:18","授權說明網址: http://data.gov.tw/license"
15247,國家教育研究院-生態學名詞-兩岸生態學學術名詞,公共資訊,XML,http://www.naer.edu.tw/ezfiles/0/1000/img/80/15247.xml,UTF-8,a01,生態學名詞-兩岸生態學英中對照名詞等資訊。,DocumentProperties,國家教育研究院,每年,政府資料開放授權條款-第1版,,免費,詹先生,0277407806,"2015/07/07 00:00","2019/07/25 11:06","授權說明網址: http://data.gov.tw/license"
15248,國家教育研究院-地球科學學術名詞,公共資訊,CSV,http://www.naer.edu.tw/ezfiles/0/1000/img/80/993984131.csv,UTF-8,a01,地球科學英中對照名詞等資訊。,英文名稱;中文名稱,國家教育研究院,每年,政府資料開放授權條款-第1版,,免費,詹先生,0277407806,"2015/05/12 00:00","2016/05/24 00:18","授權說明網址: http://data.gov.tw/license"
15249,國家教育研究院-地球科學名詞-兩岸中小學教科書學術名詞,公共資訊,XML,http://www.naer.edu.tw/ezfiles/0/1000/img/80/15249.xml,UTF-8,a01,地球科學名詞-兩岸中小學教科書英中對照名詞等資訊。,DocumentProperties,國家教育研究院,每年,政府資料開放授權條款-第1版,,免費,詹先生,0277407806,"2015/07/07 00:00","2019/07/25 11:12","授權說明網址: http://data.gov.tw/license"
15250,國家教育研究院-地球科學名詞-高中含以下地球科學學術名詞,公共資訊,CSV,http://www.naer.edu.tw/ezfiles/0/1000/img/52/914587560.csv,UTF-8,a01,地球科學名詞-高中含以下地球科學英中對照名詞等資訊。,英文名稱;中文名稱,國家教育研究院,每年,政府資料開放授權條款-第1版,,免費,詹先生,0277407806,"2015/05/12 00:00","2016/05/24 00:18","授權說明網址: http://data.gov.tw/license"
15251,國家教育研究院-地理學學術名詞,公共資訊,CSV,http://www.naer.edu.tw/ezfiles/0/1000/img/80/294799955.csv,UTF-8,a01,地理學英中對照名詞等資訊。,英文名稱;中文名稱,國家教育研究院,每年,政府資料開放授權條款-第1版,,免費,詹先生,0277407806,"2015/05/12 00:00","2016/05/24 00:18","授權說明網址: http://data.gov.tw/license"
15252,國家教育研究院-地理學名詞-兩岸中小學教科書學術名詞,公共資訊,XML,http://www.naer.edu.tw/ezfiles/0/1000/img/80/15252.xml,UTF-8,a01,地理學名詞-兩岸中小學教科書英中對照名詞等資訊。,DocumentProperties,國家教育研究院,每年,政府資料開放授權條款-第1版,,免費,詹先生,0277407806,"2015/07/07 00:00","2019/07/25 11:16","授權說明網址: http://data.gov.tw/license"
15253,國家教育研究院-地理學名詞-兩岸地理學學術名詞,公共資訊,XML,http://www.naer.edu.tw/ezfiles/0/1000/img/80/15253.xml,UTF-8,a01,地理學名詞-兩岸地理學英中對照名詞等資訊。,DocumentProperties,國家教育研究院,每年,政府資料開放授權條款-第1版,,免費,詹先生,0277407806,"2015/07/07 00:00","2019/07/25 11:21","授權說明網址: http://data.gov.tw/license"
15254,國家教育研究院-地理學名詞-高中含以下地理學學術名詞,公共資訊,CSV,http://www.naer.edu.tw/ezfiles/0/1000/img/80/12094482.csv,UTF-8,a01,地理學名詞-高中含以下地理學英中對照名詞等資訊。,英文名稱;中文名稱,國家教育研究院,每年,政府資料開放授權條款-第1版,,免費,詹先生,0277407806,"2015/05/12 00:00","2016/05/24 00:18","授權說明網址: http://data.gov.tw/license"
15255,國家教育研究院-地質學學術名詞,公共資訊,CSV,http://www.naer.edu.tw/ezfiles/0/1000/img/80/140348008.csv,UTF-8,a01,地質學英中對照名詞等資訊。,英文名稱;中文名稱,國家教育研究院,每年,政府資料開放授權條款-第1版,,免費,詹先生,0277407806,"2015/05/12 00:00","2016/05/24 00:18","授權說明網址: http://data.gov.tw/license"
15262,國家教育研究院-行政學學術名詞,公共資訊,CSV,http://www.naer.edu.tw/ezfiles/0/1000/img/80/860073615.csv,UTF-8,a01,行政學英中對照名詞等資訊。,英文名稱;中文名稱,國家教育研究院,每年,政府資料開放授權條款-第1版,,免費,詹先生,0277407806,"2015/05/14 00:00","2016/05/24 00:18","授權說明網址: http://data.gov.tw/license"
15263,國家教育研究院-材料科學名詞-兩岸材料科學學術名詞,公共資訊,XML,http://www.naer.edu.tw/ezfiles/0/1000/img/80/15263.xml,UTF-8,a01,材料科學名詞-兩岸材料科學英中對照名詞等資訊。,DocumentProperties,國家教育研究院,每年,政府資料開放授權條款-第1版,,免費,詹先生,0277407806,"2015/07/07 00:00","2019/07/25 11:45","授權說明網址: http://data.gov.tw/license"
15264,國家教育研究院-材料科學名詞-金屬材料學術名詞,公共資訊,CSV,http://www.naer.edu.tw/ezfiles/0/1000/img/80/178221887.csv,UTF-8,a01,材料科學名詞-金屬材料英中對照名詞等資訊。,英文名稱;中文名稱,國家教育研究院,每年,政府資料開放授權條款-第1版,,免費,詹先生,0277407806,"2015/05/14 00:00","2016/05/24 00:18","授權說明網址: http://data.gov.tw/license"
15265,國家教育研究院-材料科學名詞-能源材料學術名詞,公共資訊,CSV,http://www.naer.edu.tw/ezfiles/0/1000/img/80/184853636.csv,UTF-8,a01,材料科學名詞-能源材料英中對照名詞等資訊。,英文名稱;中文名稱,國家教育研究院,每年,政府資料開放授權條款-第1版,,免費,詹先生,0277407806,"2015/05/14 00:00","2016/05/24 00:18","授權說明網址: http://data.gov.tw/license"
15266,國家教育研究院-材料科學名詞-高分子材料學術名詞,公共資訊,CSV,http://www.naer.edu.tw/ezfiles/0/1000/img/80/120594796.csv,UTF-8,a01,材料科學名詞-高分子材料英中對照名詞等資訊。,英文名稱;中文名稱,國家教育研究院,每年,政府資料開放授權條款-第1版,,免費,詹先生,0277407806,"2015/05/14 00:00","2016/05/24 00:18","授權說明網址: http://data.gov.tw/license"
15267,國家教育研究院-材料科學名詞-陶瓷材料學術名詞,公共資訊,CSV,http://www.naer.edu.tw/ezfiles/0/1000/img/80/137828604.csv,UTF-8,a01,材料科學名詞-陶瓷材料英中對照名詞等資訊。,英文名稱;中文名稱,國家教育研究院,每年,政府資料開放授權條款-第1版,,免費,詹先生,0277407806,"2015/05/14 00:00","2016/05/24 00:18","授權說明網址: http://data.gov.tw/license"
15268,國家教育研究院-兩岸對照名詞-大氣科學學術名詞,公共資訊,XML,http://www.naer.edu.tw/ezfiles/0/1000/img/80/15268.xml,UTF-8,a01,兩岸對照名詞-大氣科學英中對照名詞等資訊。,DocumentProperties,國家教育研究院,每年,政府資料開放授權條款-第1版,,免費,詹先生,0277407806,"2015/07/07 00:00","2019/07/25 11:47","授權說明網址: http://data.gov.tw/license"
15269,國家教育研究院-兩岸對照名詞-中醫學術名詞,公共資訊,XML,http://www.naer.edu.tw/ezfiles/0/1000/img/80/15269.xml,UTF-8,a01,兩岸對照名詞-中醫英中對照名詞等資訊。,DocumentProperties,國家教育研究院,每年,政府資料開放授權條款-第1版,,免費,詹先生,0277407806,"2015/07/07 00:00","2019/07/25 11:50","授權說明網址: http://data.gov.tw/license"
15270,國家教育研究院-兩岸對照名詞-化學化工學術名詞,公共資訊,XML,http://www.naer.edu.tw/ezfiles/0/1000/img/80/15270.xml,UTF-8,a01,兩岸對照名詞-化學化工英中對照名詞等資訊。,DocumentProperties,國家教育研究院,每年,政府資料開放授權條款-第1版,,免費,詹先生,0277407806,"2015/07/07 00:00","2019/07/25 11:52","授權說明網址: http://data.gov.tw/license"
15271,國家教育研究院-兩岸對照名詞-地理學學術名詞,公共資訊,XML,http://www.naer.edu.tw/ezfiles/0/1000/img/80/15271.xml,UTF-8,a01,兩岸對照名詞-地理學英中對照名詞等資訊。,DocumentProperties,國家教育研究院,每年,政府資料開放授權條款-第1版,,免費,詹先生,0277407806,"2015/07/07 00:00","2019/07/25 11:54","授權說明網址: http://data.gov.tw/license"
15272,國家教育研究院-兩岸對照名詞-地質學學術名詞,公共資訊,XML,http://www.naer.edu.tw/ezfiles/0/1000/img/80/15272.xml,UTF-8,a01,兩岸對照名詞-地質學英中對照名詞等資訊。,DocumentProperties,國家教育研究院,每年,政府資料開放授權條款-第1版,,免費,詹先生,0277407806,"2015/07/07 00:00","2019/07/25 11:57","授權說明網址: http://data.gov.tw/license"
15273,國家教育研究院-兩岸對照名詞-林學學術名詞,公共資訊,XML,http://www.naer.edu.tw/ezfiles/0/1000/img/80/15273.xml,UTF-8,a01,兩岸對照名詞-林學英中對照名詞等資訊。,DocumentProperties,國家教育研究院,每年,政府資料開放授權條款-第1版,,免費,詹先生,0277407806,"2015/07/09 00:00","2019/07/25 11:59","授權說明網址: http://data.gov.tw/license"
15274,國家教育研究院-兩岸對照名詞-物理學學術名詞,公共資訊,XML,http://www.naer.edu.tw/ezfiles/0/1000/img/80/15274.xml,UTF-8,a01,兩岸對照名詞-物理學英中對照名詞等資訊。,DocumentProperties,國家教育研究院,每年,政府資料開放授權條款-第1版,,免費,詹先生,0277407806,"2015/07/07 00:00","2019/07/25 12:01","授權說明網址: http://data.gov.tw/license"
15275,國家教育研究院-兩岸對照名詞-計算機學術名詞,公共資訊,XML,http://www.naer.edu.tw/ezfiles/0/1000/img/80/15275.xml,UTF-8,a01,兩岸對照名詞-計算機英中對照名詞等資訊。,DocumentProperties,國家教育研究院,每年,政府資料開放授權條款-第1版,,免費,詹先生,0277407806,"2015/07/07 00:00","2019/07/25 12:04","授權說明網址: http://data.gov.tw/license"
15276,國家教育研究院-兩岸對照名詞-音樂學術名詞,公共資訊,XML,http://www.naer.edu.tw/ezfiles/0/1000/img/80/15276.xml,UTF-8,a01,兩岸對照名詞-音樂英中對照名詞等資訊。,DocumentProperties,國家教育研究院,每年,政府資料開放授權條款-第1版,,免費,詹先生,0277407806,"2015/07/07 00:00","2019/07/25 12:07","授權說明網址: http://data.gov.tw/license"
15277,國家教育研究院-兩岸對照名詞-海洋學術名詞,公共資訊,XML,http://www.naer.edu.tw/ezfiles/0/1000/img/80/15277.xml,UTF-8,a01,兩岸對照名詞-海洋英中對照名詞等資訊。,DocumentProperties,國家教育研究院,每年,政府資料開放授權條款-第1版,,免費,詹先生,0277407806,"2015/07/07 00:00","2019/07/18 17:30","授權說明網址: http://data.gov.tw/license"
15278,國家教育研究院-兩岸對照名詞-畜牧學術名詞,公共資訊,XML,http://www.naer.edu.tw/ezfiles/0/1000/img/80/15278.xml,UTF-8,a01,兩岸對照名詞-畜牧英中對照名詞等資訊。,DocumentProperties,國家教育研究院,每年,政府資料開放授權條款-第1版,,免費,詹先生,0277407806,"2015/07/07 00:00","2019/07/18 17:26","授權說明網址: http://data.gov.tw/license"
15279,國家教育研究院-兩岸對照名詞-紡織學術名詞,公共資訊,XML,http://www.naer.edu.tw/ezfiles/0/1000/img/80/15279.xml,UTF-8,a01,兩岸對照名詞-紡織英中對照名詞等資訊。,DocumentProperties,國家教育研究院,每年,政府資料開放授權條款-第1版,,免費,詹先生,0277407806,"2015/07/07 00:00","2019/07/18 17:26","授權說明網址: http://data.gov.tw/license"
15280,國家教育研究院-兩岸對照名詞-航天學術名詞,公共資訊,XML,http://www.naer.edu.tw/ezfiles/0/1000/img/80/15280.xml,UTF-8,a01,兩岸對照名詞-航天英中對照名詞等資訊。,DocumentProperties,國家教育研究院,每年,政府資料開放授權條款-第1版,,免費,詹先生,0277407806,"2015/07/07 00:00","2019/07/18 17:29","授權說明網址: http://data.gov.tw/license"
15281,國家教育研究院-兩岸對照名詞-航空學術名詞,公共資訊,XML,http://www.naer.edu.tw/ezfiles/0/1000/img/80/15281.xml,UTF-8,a01,兩岸對照名詞-航空英中對照名詞等資訊。,DocumentProperties,國家教育研究院,每年,政府資料開放授權條款-第1版,,免費,詹先生,0277407806,"2015/07/07 00:00","2019/07/18 17:29","授權說明網址: http://data.gov.tw/license"
15283,國家教育研究院-兩岸對照名詞-動物學術名詞,公共資訊,XML,http://www.naer.edu.tw/ezfiles/0/1000/img/80/15283.xml,UTF-8,a01,兩岸對照名詞-動物英中對照名詞等資訊。,DocumentProperties,國家教育研究院,每年,政府資料開放授權條款-第1版,,免費,詹先生,0277407806,"2015/07/07 00:00","2019/07/18 17:29","授權說明網址: http://data.gov.tw/license"
15284,國家教育研究院-兩岸對照名詞-通信學術名詞,公共資訊,XML,http://www.naer.edu.tw/ezfiles/0/1000/img/80/15284.xml,UTF-8,a01,兩岸對照名詞-通信英中對照名詞等資訊。,DocumentProperties,國家教育研究院,每年,政府資料開放授權條款-第1版,,免費,詹先生,0277407806,"2015/07/07 00:00","2019/07/18 17:28","授權說明網址: http://data.gov.tw/license"
15285,國家教育研究院-兩岸對照名詞-植物學術名詞,公共資訊,XML,http://www.naer.edu.tw/ezfiles/0/1000/img/80/15285.xml,UTF-8,a01,兩岸對照名詞-植物英中對照名詞等資訊。,DocumentProperties,國家教育研究院,每年,政府資料開放授權條款-第1版,,免費,詹先生,0277407806,"2015/07/07 00:00","2019/07/18 17:28","授權說明網址: http://data.gov.tw/license"
15286,國家教育研究院-兩岸對照名詞-測繪學學術名詞,公共資訊,XML,http://www.naer.edu.tw/ezfiles/0/1000/img/80/15286.xml,UTF-8,a01,兩岸對照名詞-測繪學英中對照名詞等資訊。,DocumentProperties,國家教育研究院,每年,政府資料開放授權條款-第1版,,免費,詹先生,0277407806,"2015/07/07 00:00","2019/07/18 17:28","授權說明網址: http://data.gov.tw/license"
15287,國家教育研究院-兩岸對照名詞-農業學術名詞,公共資訊,XML,http://www.naer.edu.tw/ezfiles/0/1000/img/80/15287.xml,UTF-8,a01,兩岸對照名詞-農業英中對照名詞等資訊。,DocumentProperties,國家教育研究院,每年,政府資料開放授權條款-第1版,,免費,詹先生,0277407806,"2015/07/07 00:00","2019/07/18 17:28","授權說明網址: http://data.gov.tw/license"
15288,國家教育研究院-兩岸對照名詞-漁業水產學術名詞,公共資訊,XML,http://www.naer.edu.tw/ezfiles/0/1000/img/80/15288.xml,UTF-8,a01,兩岸對照名詞-漁業水產英中對照名詞等資訊。,DocumentProperties,國家教育研究院,每年,政府資料開放授權條款-第1版,,免費,詹先生,0277407806,"2015/07/07 00:00","2019/07/18 17:28","授權說明網址: http://data.gov.tw/license"
15289,國家教育研究院-兩岸對照名詞-輕工學術名詞,公共資訊,XML,http://www.naer.edu.tw/ezfiles/0/1000/img/80/15289.xml,UTF-8,a01,兩岸對照名詞-輕工英中對照名詞等資訊。,DocumentProperties,國家教育研究院,每年,政府資料開放授權條款-第1版,,免費,詹先生,0277407806,"2015/07/07 00:00","2019/07/18 17:27","授權說明網址: http://data.gov.tw/license"
15290,國家教育研究院-兩岸對照名詞-數學學術名詞,公共資訊,XML,http://www.naer.edu.tw/ezfiles/0/1000/img/80/15290.xml,UTF-8,a01,兩岸對照名詞-數學英中對照名詞等資訊。,DocumentProperties,國家教育研究院,每年,政府資料開放授權條款-第1版,,免費,詹先生,0277407806,"2015/07/08 00:00","2019/07/18 17:29","授權說明網址: http://data.gov.tw/license"
15291,國家教育研究院-兩岸對照名詞-機械學術名詞,公共資訊,XML,http://www.naer.edu.tw/ezfiles/0/1000/img/80/15291.xml,UTF-8,a01,兩岸對照名詞-機械英中對照名詞等資訊。,DocumentProperties,國家教育研究院,每年,政府資料開放授權條款-第1版,,免費,詹先生,0277407806,"2015/07/07 00:00","2019/07/18 17:27","授權說明網址: http://data.gov.tw/license"
15292,國家教育研究院-兩岸對照名詞-環境保護學術名詞,公共資訊,XML,http://www.naer.edu.tw/ezfiles/0/1000/img/80/15292.xml,UTF-8,a01,兩岸對照名詞-環境保護英中對照名詞等資訊。,DocumentProperties,國家教育研究院,每年,政府資料開放授權條款-第1版,,免費,詹先生,0277407806,"2015/07/07 00:00","2019/07/18 17:27","授權說明網址: http://data.gov.tw/license"
15314,國家教育研究院-兩岸對照名詞-醫學學術名詞,公共資訊,XML,http://www.naer.edu.tw/ezfiles/0/1000/img/80/15314.xml,UTF-8,a01,兩岸對照名詞-醫學英中對照名詞等資訊。,DocumentProperties,國家教育研究院,每年,政府資料開放授權條款-第1版,,免費,詹先生,0277407806,"2015/07/07 00:00","2019/07/18 17:27","授權說明網址: http://data.gov.tw/license"
15315,國家教育研究院-林學學術名詞,公共資訊,CSV,http://www.naer.edu.tw/ezfiles/0/1000/img/80/105405139.csv,UTF-8,a01,林學英中對照名詞等資訊。,英文名稱;中文名稱,國家教育研究院,每年,政府資料開放授權條款-第1版,,免費,詹先生,0277407806,"2015/05/15 00:00","2016/05/24 00:23","授權說明網址: http://data.gov.tw/license"
15316,國家教育研究院-物理化學儀器設備學術名詞,公共資訊,CSV,http://www.naer.edu.tw/ezfiles/0/1000/img/80/315589506.csv,UTF-8,a01,物理化學儀器設備英中對照名詞等資訊。,英文名稱;中文名稱,國家教育研究院,每年,政府資料開放授權條款-第1版,,免費,詹先生,0277407806,"2015/05/15 00:00","2016/05/24 00:23","授權說明網址: http://data.gov.tw/license"
15317,國家教育研究院-物理學學術名詞,公共資訊,CSV,http://www.naer.edu.tw/ezfiles/0/1000/img/80/135591346.csv,UTF-8,a01,物理學英中對照名詞等資訊。,英文名稱;中文名稱,國家教育研究院,每年,政府資料開放授權條款-第1版,,免費,詹先生,0277407806,"2015/05/15 00:00","2016/05/24 00:23","授權說明網址: http://data.gov.tw/license"
15318,國家教育研究院-物理學名詞-兩岸中小學教科書學術名詞,公共資訊,XML,http://www.naer.edu.tw/ezfiles/0/1000/img/80/15318.xml,UTF-8,a01,物理學名詞-兩岸中小學教科書英中對照名詞等資訊。,DocumentProperties,國家教育研究院,每年,政府資料開放授權條款-第1版,,免費,詹先生,0277407806,"2015/07/07 00:00","2019/07/18 17:27","授權說明網址: http://data.gov.tw/license"
15319,國家教育研究院-物理學名詞-物理相關科學家,公共資訊,CSV,http://www.naer.edu.tw/ezfiles/0/1000/img/80/143721724.csv,UTF-8,a01,物理學名詞-物理相關科學家英中對照名詞等資訊。,英文名稱;中文名稱,國家教育研究院,每年,政府資料開放授權條款-第1版,,免費,詹先生,0277407806,"2015/05/15 00:00","2016/05/24 00:23","授權說明網址: http://data.gov.tw/license"
15320,國家教育研究院-物理學名詞-高中含以下物理學學術名詞,公共資訊,CSV,http://www.naer.edu.tw/ezfiles/0/1000/img/80/150457282.csv,UTF-8,a01,物理學名詞-高中含以下物理學英中對照名詞等資訊。,英文名稱;中文名稱,國家教育研究院,每年,政府資料開放授權條款-第1版,,免費,詹先生,0277407806,"2015/05/15 00:00","2016/05/24 00:23","授權說明網址: http://data.gov.tw/license"
15321,國家教育研究院-社會學學術名詞,公共資訊,CSV,http://www.naer.edu.tw/ezfiles/0/1000/img/80/152737722.csv,UTF-8,a01,社會學英中對照名詞等資訊。,英文名稱;中文名稱,國家教育研究院,每年,政府資料開放授權條款-第1版,,免費,詹先生,0277407806,"2015/05/15 00:00","2016/05/24 00:23","授權說明網址: http://data.gov.tw/license"
15322,國家教育研究院-肥料學學術名詞,公共資訊,CSV,http://www.naer.edu.tw/ezfiles/0/1000/img/80/128092019.csv,UTF-8,a01,肥料學英中對照名詞等資訊。,英文名稱;中文名稱,國家教育研究院,每年,政府資料開放授權條款-第1版,,免費,詹先生,0277407806,"2015/05/15 00:00","2016/05/24 00:23","授權說明網址: http://data.gov.tw/license"
15323,國家教育研究院-科學教育學術名詞,公共資訊,CSV,http://www.naer.edu.tw/ezfiles/0/1000/img/80/475793638.csv,UTF-8,a01,科學教育英中對照名詞等資訊。,英文名稱;中文名稱,國家教育研究院,每年,政府資料開放授權條款-第1版,,免費,詹先生,0277407806,"2015/05/15 00:00","2016/05/24 00:23","授權說明網址: http://data.gov.tw/license"
15333,國家教育研究院-計量學學術名詞,公共資訊,CSV,http://www.naer.edu.tw/ezfiles/0/1000/img/80/443619920.csv,UTF-8,a01,計量學英中對照名詞等資訊。,英文名稱;中文名稱,國家教育研究院,每年,政府資料開放授權條款-第1版,,免費,詹先生,0277407806,"2015/05/18 00:00","2016/05/24 00:23","授權說明網址: http://data.gov.tw/license"
15334,國家教育研究院-音樂學術名詞,公共資訊,CSV,http://www.naer.edu.tw/ezfiles/0/1000/img/80/118492288.csv,UTF-8,a01,音樂英中對照名詞等資訊。,英文名稱;中文名稱,國家教育研究院,每年,政府資料開放授權條款-第1版,,免費,詹先生,0277407806,"2015/05/18 00:00","2016/05/24 00:23","授權說明網址: http://data.gov.tw/license"
15335,國家教育研究院-音樂名詞-音樂家,公共資訊,CSV,http://www.naer.edu.tw/ezfiles/0/1000/img/80/149710444.csv,UTF-8,a01,音樂名詞-音樂家英中對照名詞等資訊。,英文名稱;中文名稱;生歿年;國籍;專長,國家教育研究院,每年,政府資料開放授權條款-第1版,,免費,詹先生,0277407806,"2015/05/18 00:00","2016/05/24 00:23","授權說明網址: http://data.gov.tw/license"
15336,國家教育研究院-食品科技學術名詞,公共資訊,CSV,http://www.naer.edu.tw/ezfiles/0/1000/img/80/156468192.csv,UTF-8,a01,食品科技英中對照名詞等資訊。,英文名稱;中文名稱,國家教育研究院,每年,政府資料開放授權條款-第1版,,免費,詹先生,0277407806,"2015/05/18 00:00","2016/05/24 00:23","授權說明網址: http://data.gov.tw/license"
15337,國家教育研究院-核能學術名詞,公共資訊,CSV,http://www.naer.edu.tw/ezfiles/0/1000/img/80/15337.csv,UTF-8,a01,核能英中對照名詞等資訊。,英文名稱;中文名稱,國家教育研究院,每年,政府資料開放授權條款-第1版,,免費,詹先生,0277407806,"2015/05/18 00:00","2019/07/18 16:08","授權說明網址: http://data.gov.tw/license"
15338,國家教育研究院-氣象學學術名詞,公共資訊,CSV,http://www.naer.edu.tw/ezfiles/0/1000/img/80/104908251.csv,UTF-8,a01,氣象學英中對照名詞等資訊。,英文名稱;中文名稱,國家教育研究院,每年,政府資料開放授權條款-第1版,,免費,詹先生,0277407806,"2015/05/18 00:00","2016/05/24 00:23","授權說明網址: http://data.gov.tw/license"
15339,國家教育研究院-海事學術名詞,公共資訊,CSV,http://www.naer.edu.tw/ezfiles/0/1000/img/80/899296131.csv,UTF-8,a01,海事英中對照名詞等資訊。,英文名稱;中文名稱,國家教育研究院,每年,政府資料開放授權條款-第1版,,免費,詹先生,0277407806,"2015/05/18 00:00","2016/05/24 00:23","授權說明網址: http://data.gov.tw/license"
15340,國家教育研究院-海洋地質學學術名詞,公共資訊,CSV,http://www.naer.edu.tw/ezfiles/0/1000/img/80/220581424.csv,UTF-8,a01,海洋地質學英中對照名詞等資訊。,英文名稱;中文名稱,國家教育研究院,每年,政府資料開放授權條款-第1版,,免費,詹先生,0277407806,"2015/05/18 00:00","2016/05/24 00:23","授權說明網址: http://data.gov.tw/license"
15341,國家教育研究院-海洋科學學術名詞,公共資訊,CSV,http://www.naer.edu.tw/ezfiles/0/1000/img/80/53363094.csv,UTF-8,a01,海洋科學英中對照名詞等資訊。,英文名稱;中文名稱,國家教育研究院,每年,政府資料開放授權條款-第1版,,免費,詹先生,0277407806,"2015/05/18 00:00","2016/05/24 00:23","授權說明網址: http://data.gov.tw/license"
15342,國家教育研究院-海洋科學名詞-兩岸海洋科學學術名詞,公共資訊,XML,http://www.naer.edu.tw/ezfiles/0/1000/img/80/15342.xml,UTF-8,a01,海洋科學名詞-兩岸海洋科學英中對照名詞等資訊。,DocumentProperties,國家教育研究院,每年,政府資料開放授權條款-第1版,,免費,詹先生,0277407806,"2015/07/09 00:00","2019/07/25 13:45","授權說明網址: http://data.gov.tw/license"
15362,國家教育研究院-畜牧學學術名詞,公共資訊,CSV,http://www.naer.edu.tw/ezfiles/0/1000/img/80/604868636.csv,UTF-8,a01,畜牧學英中對照名詞等資訊。,英文名稱;中文名稱,國家教育研究院,每年,政府資料開放授權條款-第1版,,免費,詹先生,0277407806,"2015/05/19 00:00","2016/05/24 00:23","授權說明網址: http://data.gov.tw/license"
15363,國家教育研究院-病理學學術名詞,公共資訊,CSV,http://www.naer.edu.tw/ezfiles/0/1000/img/80/64248612.csv,UTF-8,a01,病理學英中對照名詞等資訊。,英文名稱;中文名稱,國家教育研究院,每年,政府資料開放授權條款-第1版,,免費,詹先生,0277407806,"2015/05/19 00:00","2016/05/24 00:23","授權說明網址: http://data.gov.tw/license"
15364,國家教育研究院-紡織科技學術名詞,公共資訊,CSV,http://www.naer.edu.tw/ezfiles/0/1000/img/80/685242250.csv,UTF-8,a01,紡織科技英中對照名詞等資訊。,英文名稱;中文名稱,國家教育研究院,每年,政府資料開放授權條款-第1版,,免費,詹先生,0277407806,"2015/05/19 00:00","2016/05/24 00:23","授權說明網址: http://data.gov.tw/license"
15365,國家教育研究院-航空太空學術名詞,公共資訊,CSV,http://www.naer.edu.tw/ezfiles/0/1000/img/80/941090769.csv,UTF-8,a01,航空太空英中對照名詞等資訊。,英文名稱;中文名稱,國家教育研究院,每年,政府資料開放授權條款-第1版,,免費,詹先生,0277407806,"2015/05/19 00:00","2016/05/24 00:23","授權說明網址: http://data.gov.tw/license"
15366,國家教育研究院-動物學學術名詞,公共資訊,CSV,http://www.naer.edu.tw/ezfiles/0/1000/img/80/28143456.csv,UTF-8,a01,動物學英中對照名詞等資訊。,英文名稱;中文名稱,國家教育研究院,每年,政府資料開放授權條款-第1版,,免費,詹先生,0277407806,"2015/05/19 00:00","2016/05/24 00:23","授權說明網址: http://data.gov.tw/license"
15367,國家教育研究院-教育學學術名詞,公共資訊,CSV,http://www.naer.edu.tw/ezfiles/0/1000/img/80/466219681.csv,UTF-8,a01,教育學英中對照名詞等資訊。,英文名稱;中文名稱,國家教育研究院,每年,政府資料開放授權條款-第1版,,免費,詹先生,0277407806,"2015/05/19 00:00","2016/05/24 00:23","授權說明網址: http://data.gov.tw/license"
15368,國家教育研究院-教育學名詞-英國教育學學術名詞,公共資訊,CSV,http://www.naer.edu.tw/ezfiles/0/1000/img/80/486012223.csv,UTF-8,a01,教育學名詞-英國教育學英中對照名詞等資訊。,英文名稱;中文名稱,國家教育研究院,每年,政府資料開放授權條款-第1版,,免費,詹先生,0277407806,"2015/05/19 00:00","2016/05/24 00:23","授權說明網址: http://data.gov.tw/license"
15369,國家教育研究院-教育學名詞-新編學術名詞,公共資訊,CSV,http://www.naer.edu.tw/ezfiles/0/1000/img/80/856971584.csv,UTF-8,a01,教育學名詞-新編英中對照名詞等資訊。,英文名稱;中文名稱,國家教育研究院,每年,政府資料開放授權條款-第1版,,免費,詹先生,0277407806,"2015/05/19 00:00","2016/05/24 00:23","授權說明網址: http://data.gov.tw/license"
15370,國家教育研究院-統計學學術名詞,公共資訊,CSV,http://www.naer.edu.tw/ezfiles/0/1000/img/80/427313434.csv,UTF-8,a01,統計學英中對照名詞等資訊。,英文名稱;中文名稱,國家教育研究院,每年,政府資料開放授權條款-第1版,,免費,詹先生,0277407806,"2015/05/19 00:00","2016/05/24 00:23","授權說明網址: http://data.gov.tw/license"
15371,國家教育研究院-細菌免疫學學術名詞,公共資訊,CSV,http://www.naer.edu.tw/ezfiles/0/1000/img/80/209173640.csv,UTF-8,a01,細菌免疫學英中對照名詞等資訊。,英文名稱;中文名稱,國家教育研究院,每年,政府資料開放授權條款-第1版,,免費,詹先生,0277407806,"2015/05/19 00:00","2016/05/24 00:23","授權說明網址: http://data.gov.tw/license"
15398,國家教育研究院-通訊工程學術名詞,公共資訊,CSV,http://www.naer.edu.tw/ezfiles/0/1000/img/80/102088634.csv,UTF-8,a01,通訊工程英中對照名詞等資訊。,英文名稱;中文名稱,國家教育研究院,每年,政府資料開放授權條款-第1版,,免費,詹先生,0277407806,"2015/05/22 00:00","2016/05/24 00:23","授權說明網址: http://data.gov.tw/license"
15399,國家教育研究院-造船工程學術名詞,公共資訊,CSV,http://www.naer.edu.tw/ezfiles/0/1000/img/80/228551435.csv,UTF-8,a01,造船工程英中對照名詞等資訊。,英文名稱;中文名稱,國家教育研究院,每年,政府資料開放授權條款-第1版,,免費,詹先生,0277407806,"2015/05/22 00:00","2016/05/24 00:23","授權說明網址: http://data.gov.tw/license"
15400,國家教育研究院-魚類學術名詞,公共資訊,CSV,http://www.naer.edu.tw/ezfiles/0/1000/img/80/156923524.csv,UTF-8,a01,魚類英中對照名詞等資訊。,英文名稱;中文名稱,國家教育研究院,每年,政府資料開放授權條款-第1版,,免費,詹先生,0277407806,"2015/05/22 00:00","2016/05/24 00:23","授權說明網址: http://data.gov.tw/license"
15401,國家教育研究院-測量學學術名詞,公共資訊,CSV,http://www.naer.edu.tw/ezfiles/0/1000/img/80/125177495.csv,UTF-8,a01,測量學英中對照名詞等資訊。,英文名稱;中文名稱,國家教育研究院,每年,政府資料開放授權條款-第1版,,免費,詹先生,0277407806,"2015/05/22 00:00","2016/05/24 00:23","授權說明網址: http://data.gov.tw/license"
15402,國家教育研究院-發生學學術名詞,公共資訊,CSV,http://www.naer.edu.tw/ezfiles/0/1000/img/80/213685131.csv,UTF-8,a01,發生學英中對照名詞等資訊。,英文名稱;中文名稱,國家教育研究院,每年,政府資料開放授權條款-第1版,,免費,詹先生,0277407806,"2015/05/22 00:00","2016/05/24 00:23","授權說明網址: http://data.gov.tw/license"
15403,國家教育研究院-新聞傳播學學術名詞,公共資訊,CSV,http://www.naer.edu.tw/ezfiles/0/1000/img/80/208340468.csv,UTF-8,a01,新聞傳播學英中對照名詞等資訊。,英文名稱;中文名稱,國家教育研究院,每年,政府資料開放授權條款-第1版,,免費,詹先生,0277407806,"2015/05/22 00:00","2016/05/24 00:23","授權說明網址: http://data.gov.tw/license"
15404,國家教育研究院-會計學學術名詞,公共資訊,CSV,http://www.naer.edu.tw/ezfiles/0/1000/img/80/657840267.csv,UTF-8,a01,會計學英中對照名詞等資訊。,英文名稱;中文名稱,國家教育研究院,每年,政府資料開放授權條款-第1版,,免費,詹先生,0277407806,"2015/05/22 00:00","2016/05/24 00:23","授權說明網址: http://data.gov.tw/license"
15405,國家教育研究院-經濟學學術名詞,公共資訊,CSV,http://www.naer.edu.tw/ezfiles/0/1000/img/80/951281549.csv,UTF-8,a01,經濟學英中對照名詞等資訊。,英文名稱;中文名稱,國家教育研究院,每年,政府資料開放授權條款-第1版,,免費,詹先生,0277407806,"2015/05/22 00:00","2016/05/24 00:23","授權說明網址: http://data.gov.tw/license"
15406,國家教育研究院-資訊名詞-兩岸中小學教科書學術名詞,公共資訊,XML,http://www.naer.edu.tw/ezfiles/0/1000/img/80/15406.xml,UTF-8,a01,資訊名詞-兩岸中小學教科書英中對照名詞等資訊。,DocumentProperties,國家教育研究院,每年,政府資料開放授權條款-第1版,,免費,詹先生,0277407806,"2015/07/07 00:00","2019/07/18 16:37","授權說明網址: http://data.gov.tw/license"
15407,國家教育研究院-資訊名詞-高中含以下資訊學術名詞,公共資訊,CSV,http://www.naer.edu.tw/ezfiles/0/1000/img/80/41317050.csv,UTF-8,a01,資訊名詞-高中含以下資訊英中對照名詞等資訊。,英文名稱;中文名稱;縮寫,國家教育研究院,每年,政府資料開放授權條款-第1版,,免費,詹先生,0277407806,"2015/05/22 00:00","2016/05/24 00:23","授權說明網址: http://data.gov.tw/license"
15411,國家教育研究院-農業推廣學學術名詞,公共資訊,CSV,http://www.naer.edu.tw/ezfiles/0/1000/img/80/517833237.csv,UTF-8,a01,農業推廣學英中對照名詞等資訊。,英文名稱;中文名稱,國家教育研究院,每年,政府資料開放授權條款-第1版,,免費,詹先生,0277407806,"2015/05/25 00:00","2016/05/24 00:23","授權說明網址: http://data.gov.tw/license"
15412,國家教育研究院-農業機械學術名詞,公共資訊,CSV,http://www.naer.edu.tw/ezfiles/0/1000/img/80/126350528.csv,UTF-8,a01,農業機械英中對照名詞等資訊。,英文名稱;中文名稱,國家教育研究院,每年,政府資料開放授權條款-第1版,,免費,詹先生,0277407806,"2015/05/25 00:00","2016/05/24 00:23","授權說明網址: http://data.gov.tw/license"
15413,國家教育研究院-電力工程學術名詞,公共資訊,CSV,http://www.naer.edu.tw/ezfiles/0/1000/img/80/122669954.csv,UTF-8,a01,電力工程英中對照名詞等資訊。,英文名稱;中文名稱,國家教育研究院,每年,政府資料開放授權條款-第1版,,免費,詹先生,0277407806,"2015/05/25 00:00","2016/05/24 00:23","授權說明網址: http://data.gov.tw/license"
15414,國家教育研究院-電力學名詞-兩岸電力學學術名詞,公共資訊,XML,http://www.naer.edu.tw/ezfiles/0/1000/img/80/15414.xml,UTF-8,a01,電力學名詞-兩岸電力學英中對照名詞等資訊。,DocumentProperties,國家教育研究院,每年,政府資料開放授權條款-第1版,,免費,詹先生,0277407806,"2015/07/07 00:00","2019/07/18 16:36","授權說明網址: http://data.gov.tw/license"
15415,國家教育研究院-電子工程學術名詞,公共資訊,CSV,http://www.naer.edu.tw/ezfiles/0/1000/img/80/206574313.csv,UTF-8,a01,電子工程英中對照名詞等資訊。,英文名稱;中文名稱,國家教育研究院,每年,政府資料開放授權條款-第1版,,免費,詹先生,0277407806,"2015/05/25 00:00","2016/05/24 00:23","授權說明網址: http://data.gov.tw/license"
15416,國家教育研究院-電子計算機學術名詞,公共資訊,CSV,http://www.naer.edu.tw/ezfiles/0/1000/img/80/140891181.csv,UTF-8,a01,電子計算機英中對照名詞等資訊。,英文名稱;中文名稱,國家教育研究院,每年,政府資料開放授權條款-第1版,,免費,詹先生,0277407806,"2015/05/25 00:00","2016/10/25 22:33","授權說明網址: http://data.gov.tw/license"
15417,國家教育研究院-電工學名詞-兩岸電工學學術名詞,公共資訊,XML,http://www.naer.edu.tw/ezfiles/0/1000/img/80/15417.xml,UTF-8,a01,電工學名詞-兩岸電工學英中對照名詞等資訊。,DocumentProperties,國家教育研究院,每年,政府資料開放授權條款-第1版,,免費,詹先生,0277407806,"2015/07/07 00:00","2019/07/25 13:48","授權說明網址: http://data.gov.tw/license"
15418,國家教育研究院-電機工程學術名詞,公共資訊,CSV,http://www.naer.edu.tw/ezfiles/0/1000/img/80/475731062.csv,UTF-8,a01,電機工程英中對照名詞等資訊。,英文名稱;中文名稱,國家教育研究院,每年,政府資料開放授權條款-第1版,,免費,詹先生,0277407806,"2015/05/25 00:00","2016/05/24 00:23","授權說明網址: http://data.gov.tw/license"
15419,國家教育研究院-圖書館學與資訊科學學術名詞,公共資訊,CSV,http://www.naer.edu.tw/ezfiles/0/1000/img/80/218727975.csv,UTF-8,a01,圖書館學與資訊科學英中對照名詞等資訊。,英文名稱;中文名稱,國家教育研究院,每年,政府資料開放授權條款-第1版,,免費,詹先生,0277407806,"2015/05/25 00:00","2016/05/24 00:23","授權說明網址: http://data.gov.tw/license"
15420,國家教育研究院-實驗動物及比較醫學學術名詞,公共資訊,CSV,http://www.naer.edu.tw/ezfiles/0/1000/img/80/457030201.csv,UTF-8,a01,實驗動物及比較醫學英中對照名詞等資訊。,英文名稱;中文名稱,國家教育研究院,每年,政府資料開放授權條款-第1版,,免費,詹先生,0277407806,"2015/05/25 00:00","2016/05/24 00:23","授權說明網址: http://data.gov.tw/license"
15440,國家教育研究院-管理學學術名詞,公共資訊,CSV,http://www.naer.edu.tw/ezfiles/0/1000/img/80/193274982.csv,UTF-8,a01,管理學英中對照名詞等資訊。,英文名稱;中文名稱,國家教育研究院,每年,政府資料開放授權條款-第1版,,免費,詹先生,0277407806,"2015/05/26 00:00","2016/05/24 00:23","授權說明網址: http://data.gov.tw/license"
15441,國家教育研究院-精神病理學學術名詞,公共資訊,CSV,http://www.naer.edu.tw/ezfiles/0/1000/img/80/138221005.csv,UTF-8,a01,精神病理學英中對照名詞等資訊。,英文名稱;中文名稱,國家教育研究院,每年,政府資料開放授權條款-第1版,,免費,詹先生,0277407806,"2015/05/28 00:00","2016/05/24 00:23","授權說明網址: http://data.gov.tw/license"
15442,國家教育研究院-舞蹈學術名詞,公共資訊,CSV,http://www.naer.edu.tw/ezfiles/0/1000/img/80/419450124.csv,UTF-8,a01,舞蹈英中對照名詞等資訊。,英文名稱;中文名稱,國家教育研究院,每年,政府資料開放授權條款-第1版,,免費,詹先生,0277407806,"2015/05/26 00:00","2016/05/24 00:23","授權說明網址: http://data.gov.tw/license"
15443,國家教育研究院-數學學術名詞,公共資訊,CSV,http://www.naer.edu.tw/ezfiles/0/1000/img/80/896883960.csv,UTF-8,a01,數學英中對照名詞等資訊。,英文名稱;中文名稱,國家教育研究院,每年,政府資料開放授權條款-第1版,,免費,詹先生,0277407806,"2015/05/26 00:00","2016/05/24 00:23","授權說明網址: http://data.gov.tw/license"
15444,國家教育研究院-數學名詞-兩岸中小學教科書學術名詞,公共資訊,XML,http://www.naer.edu.tw/ezfiles/0/1000/img/80/15444.xml,UTF-8,a01,數學名詞-兩岸中小學教科書英中對照名詞等資訊。,DocumentProperties,國家教育研究院,每年,政府資料開放授權條款-第1版,,免費,詹先生,0277407806,"2015/07/07 00:00","2019/07/25 13:50","授權說明網址: http://data.gov.tw/license"
15445,國家教育研究院-數學名詞-兩岸數學學術名詞,公共資訊,XML,http://www.naer.edu.tw/ezfiles/0/1000/img/80/15445.xml,UTF-8,a01,數學名詞-兩岸數學英中對照名詞等資訊。,DocumentProperties,國家教育研究院,每年,政府資料開放授權條款-第1版,,免費,詹先生,0277407806,"2015/07/07 00:00","2019/07/23 15:32","授權說明網址: http://data.gov.tw/license"
15446,國家教育研究院-數學名詞-高中含以下數學學術名詞,公共資訊,CSV,http://www.naer.edu.tw/ezfiles/0/1000/img/80/521601854.csv,UTF-8,a01,數學名詞-高中含以下數學英中對照名詞等資訊。,英文名稱;中文名稱,國家教育研究院,每年,政府資料開放授權條款-第1版,,免費,詹先生,0277407806,"2015/05/26 00:00","2016/05/24 00:23","授權說明網址: http://data.gov.tw/license"
15447,國家教育研究院-機械工程學術名詞,公共資訊,CSV,http://www.naer.edu.tw/ezfiles/0/1000/img/80/237576275.csv,UTF-8,a01,機械工程英中對照名詞等資訊。,英文名稱;中文名稱,國家教育研究院,每年,政府資料開放授權條款-第1版,,免費,詹先生,0277407806,"2015/05/26 00:00","2016/05/24 00:23","授權說明網址: http://data.gov.tw/license"
15448,國家教育研究院-機械名詞-兩岸機械學術名詞,公共資訊,XML,http://www.naer.edu.tw/ezfiles/0/1000/img/80/15448.xml,UTF-8,a01,機械名詞-兩岸機械英中對照名詞等資訊。,DocumentProperties,國家教育研究院,每年,政府資料開放授權條款-第1版,,免費,詹先生,0277407806,"2015/07/07 00:00","2019/07/25 13:54","授權說明網址: http://data.gov.tw/license"
15449,國家教育研究院-機構與機器原理學術名詞,公共資訊,CSV,http://www.naer.edu.tw/ezfiles/0/1000/img/80/118780300.csv,UTF-8,a01,機構與機器原理英中對照名詞等資訊。,英文名稱;中文名稱,國家教育研究院,每年,政府資料開放授權條款-第1版,,免費,詹先生,0277407806,"2015/05/26 00:00","2016/05/24 00:23","授權說明網址: http://data.gov.tw/license"
15460,國家教育研究院-醫學學術名詞,公共資訊,CSV,http://www.naer.edu.tw/ezfiles/0/1000/img/80/100297130.csv,UTF-8,a01,醫學英中對照名詞等資訊。,英文名稱;中文名稱,國家教育研究院,每年,政府資料開放授權條款-第1版,,免費,詹先生,0277407806,"2015/05/28 00:00","2016/05/24 00:23","授權說明網址: http://data.gov.tw/license"
15461,國家教育研究院-獸醫學學術名詞,公共資訊,CSV,http://www.naer.edu.tw/ezfiles/0/1000/img/80/121108416.csv,UTF-8,a01,獸醫學英中對照名詞等資訊。,英文名稱;中文名稱,國家教育研究院,每年,政府資料開放授權條款-第1版,,免費,詹先生,0277407806,"2015/05/28 00:00","2016/05/24 00:23","授權說明網址: http://data.gov.tw/license"
15462,國家教育研究院-藥學學術名詞,公共資訊,CSV,http://www.naer.edu.tw/ezfiles/0/1000/img/80/168012146.csv,UTF-8,a01,藥學英中對照名詞等資訊。,英文名稱;中文名稱,國家教育研究院,每年,政府資料開放授權條款-第1版,,免費,詹先生,0277407806,"2015/05/28 00:00","2016/05/24 00:23","授權說明網址: http://data.gov.tw/license"
15463,國家教育研究院-礦冶工程學術名詞,公共資訊,CSV,http://www.naer.edu.tw/ezfiles/0/1000/img/80/197596777.csv,UTF-8,a01,礦冶工程英中對照名詞等資訊。,英文名稱;中文名稱,國家教育研究院,每年,政府資料開放授權條款-第1版,,免費,詹先生,0277407806,"2015/05/28 00:00","2016/05/24 00:23","授權說明網址: http://data.gov.tw/license"
15464,國家教育研究院-礦物學學術名詞,公共資訊,CSV,http://www.naer.edu.tw/ezfiles/0/1000/img/80/143423587.csv,UTF-8,a01,礦物學英中對照名詞等資訊。,英文名稱;中文名稱,國家教育研究院,每年,政府資料開放授權條款-第1版,,免費,詹先生,0277407806,"2015/05/28 00:00","2016/05/24 00:23","授權說明網址: http://data.gov.tw/license"
15465,國家教育研究院-鑄造學學術名詞,公共資訊,CSV,http://www.naer.edu.tw/ezfiles/0/1000/img/80/122753076.csv,UTF-8,a01,鑄造學英中對照名詞等資訊。,英文名稱;中文名稱,國家教育研究院,每年,政府資料開放授權條款-第1版,,免費,詹先生,0277407806,"2015/05/28 00:00","2016/05/24 00:23","授權說明網址: http://data.gov.tw/license"
15466,國家教育研究院-體育學術名詞,公共資訊,CSV,http://www.naer.edu.tw/ezfiles/0/1000/img/80/200014977.csv,UTF-8,a01,體育英中對照名詞等資訊。,英文名稱;中文名稱,國家教育研究院,每年,政府資料開放授權條款-第1版,,免費,詹先生,0277407806,"2015/05/28 00:00","2016/05/24 00:23","授權說明網址: http://data.gov.tw/license"
